metric,mean,sem
overall_bal,0.6779075738125803,0.05306895337650531
tss_avg_bal,0.6867468310916864,0.060784924044217786
mcc,0.39946469465957235,0.08991066000733185
